textId,text
app.title,Travia
app.name,Travia

# Trip Configuration Screen
config.screen.title,Planificaci√≥ de viatge
config.screen.subtitle,Configuraci√≥ de llista de viatge
config.days.label,Dies
config.days.placeholder,Nombre de dies de viatge
config.home.label,Viatge a casa o segona resid√®ncia?
config.home.helper,Els articles ja disponibles a casa s'exclouran
config.ai.label,Utilitzar personalitzaci√≥ amb AI
config.ai.helper,Obtenir suggeriments intel¬∑ligents basats en la temporada i la destinaci√≥
config.luggage.label,Equipatge gran
config.luggage.helper,Activa si portes maleta gran (desactivat = nom√©s motxilla)
config.season.label,Estaci√≥
config.season.spring,Primavera
config.season.summer,Estiu
config.season.fall,Tardor
config.season.winter,Hivern
config.button.generate,Generar llista
config.error.invalidDays,Per favor

# Packing List Screen
list.screen.title,Llista recomanada de viatge
list.button.back,‚Üê Tornar
list.summary.duration,Durada:
list.summary.season,Estaci√≥:
list.summary.destination,Dest√≠:
list.summary.totalItems,Total d'articles:
list.destination.home,Casa
list.destination.general,General
list.ai.badge,‚ú® AI
list.ai.tip,üí° Consell de IA:
list.button.export,üìã Exportar a Recordatoris
list.days.suffix,dies

# Export to Reminders
reminders.permission.title,Es necessita perm√≠s
reminders.permission.message, Es necessita acc√©s a la app de Recordatoris per exportar la llista. Dona perm√≠s.
reminders.permission.cancel,Cancel¬∑la
reminders.permission.grant,Concedir perm√≠s
reminders.permission.denied,Perm√≠s denegat
reminders.permission.deniedMessage,No es pot exportar sense acc√©s a Recordatoris.
reminders.success.title,Fet!
reminders.success.message,La teva llista de viatge s'ha exportat a l'aplicaci√≥ Recordatoris amb {count} articles.
reminders.error.title,Error
reminders.error.message,No s'ha pogut exportar a Recordatoris. Per favor
reminders.listName,Llistes de viatge
reminders.listColor,#FF6B6B
reminders.tripTitle.home,Fer la maleta per casa - {days} dies
reminders.tripTitle.general,Fer la maleta per viatge - {days} dies
reminders.tripNotes.generated,Generat:
reminders.tripNotes.season,Estaci√≥:
reminders.tripNotes.aiEnhanced,Millora amb IA:
reminders.tripNotes.yes,S√≠
reminders.tripNotes.no,No
reminders.itemTitle.withQuantity,{name} ({quantity}x)
reminders.itemTitle.single,{name}
reminders.itemNotes.category,Categoria:
reminders.itemNotes.aiTip,Consell de IA:

# AI Enhancement
ai.error.title,Millora amb IA fallida
ai.error.message,La llista b√†sica d'articles ha estat generada per√≤ no s'han pogut afegir suggeriments d'IA. Per favor
ai.error.apiKey,Clau API d'OpenRouter no configurada. Si us plau, configura-la a la pantalla de Configuraci√≥.
ai.summary.title,Consells per al teu viatge
ai.suggestedItems.title,Articles suggerits per la IA
ai.suggestedItems.subtitle,Revisa aquests articles suggerits i decideix si vols afegir-los a la teva llista
ai.suggestion.accept,‚úì Afegir
ai.suggestion.decline,‚úï Rebutjar

# Item Categories
category.basics,B√†sics
category.clothes,Roba
category.toiletries,Higiene
category.electronics,Tech
category.documents,Documents
category.accessories,Accessoris
category.health,Salut
category.misc,Misc
category.pending,Pendent

# Loading States
loading.generating,Generant...
loading.enhancing,Afegint suggeriments d'IA...
loading.exporting,Exportant a Recordatoris...

# General
general.ok,OK
general.cancel,Cancel¬∑la
general.error,Error
general.success,√àxit
general.loading,Carregant...

# Settings Screen
settings.title,Configuraci√≥
settings.ai.section.title,Configuraci√≥ d'Intel¬∑lig√®ncia Artificial
settings.ai.section.description,Configura la clau API d'OpenRouter per activar funcions intel¬∑ligents com suggeriments personalitzats i consells de viatge.
settings.apiKey.label,Clau API d'OpenRouter
settings.apiKey.placeholder,sk-or-v1-...
settings.apiKey.show,Mostra la clau API
settings.apiKey.configured,Clau API configurada correctament
settings.apiKey.empty,Per favor
settings.apiKey.invalid,Clau API no v√†lida. Ha de comen√ßar amb 'sk-or-v1-'
settings.apiKey.saved,La clau API s'ha desat correctament.
settings.apiKey.saveError,No s'ha pogut desar la clau API. Torna-ho a intentar.
settings.apiKey.save,üíæ Desar clau API
settings.apiKey.delete,üóëÔ∏è Eliminar clau API
settings.apiKey.deleted,La clau API s'ha eliminat correctament.
settings.apiKey.delete.title,Confirma eliminaci√≥
settings.apiKey.delete.message,Est√†s segur que vols eliminar la clau API? Les funcions d'IA deixaran d'estar disponibles.
settings.apiKey.delete.confirm,Eliminar
settings.apiKey.info.title,Com obtenir una clau API
settings.apiKey.info.text,Necessites una clau API d'OpenRouter per utilitzar les funcions d'IA. √âs gratu√Øt per comen√ßar.
settings.apiKey.info.get,Visita OpenRouter per crear el teu compte i obtenir una clau API:
settings.security.title,Seguretat
settings.security.info,La teva clau API s'emmagatzema de forma segura al dispositiu amb xifratge. Mai es comparteix ni s'envia enlloc excepte a OpenRouter.

# Language Settings
settings.language.section.title,Idioma
settings.language.label,Idioma de l'Aplicaci√≥
settings.language.ca,Catal√†
settings.language.en,English
settings.language.es,Espa√±ol
settings.language.changed,Idioma canviat correctament. L'aplicaci√≥ es recarregar√†.

# Custom Items Management
settings.items.title,Articles personalitzats
settings.items.description,Gestiona els articles de la teva llista de viatge. Afegeix, edita o elimina articles, i exporta/importa la teva configuraci√≥.
settings.items.exportJson,üì§ Exportar JSON
settings.items.exportCsv,üì§ Exportar CSV
settings.items.restore,‚Ü∫ Restaurar
settings.items.add,+ Afegir article nou
settings.items.restore.title,Restaurar valors per defecte
settings.items.restore.message,Aix√≤ restaurar√† tots els articles a la seva configuraci√≥ predeterminada. Est√†s segur?
settings.items.restore.success,Articles restaurats als valors per defecte
settings.items.restore.error,Error al restaurar els valors per defecte
settings.items.delete.title,Eliminar article
settings.items.delete.message,Est√†s segur que vols eliminar "{name}"?
settings.items.delete.success,Article eliminat
settings.items.delete.error,Error al eliminar l'article
settings.items.save.success.add,Article afegit
settings.items.save.success.edit,Article actualitzat
settings.items.load.error,Error al carregar els articles personalitzats
settings.items.export.error,Error al exportar la configuraci√≥

# Item Editor Modal
itemEditor.title.add,Afegir article nou
itemEditor.title.edit,Editar article
itemEditor.cancel,Cancel¬∑lar
itemEditor.save,Guardar
itemEditor.saving,Guardant...
itemEditor.id.label,ID
itemEditor.id.placeholder,id_article_unic
itemEditor.id.helper,Identificador √∫nic (min√∫scules, usa guions baixos)
itemEditor.name.label,Nom
itemEditor.name.placeholder,Nom de l'article
itemEditor.category.label,Categoria
itemEditor.category.select,Seleccionar categoria
itemEditor.quantityType.label,Tipus de quantitat
itemEditor.quantityType.fixed,Fixa
itemEditor.quantityType.perDay,Per dia
itemEditor.quantity.label,Quantitat
itemEditor.quantity.placeholder,1
itemEditor.dailyFactor.label,Factor diari
itemEditor.dailyFactor.placeholder,1.0
itemEditor.dailyFactor.helper,p. ex., 1.25 = 1.25 articles per dia de viatge
itemEditor.minDays.label,Dies m√≠nims
itemEditor.minDays.placeholder,0
itemEditor.minDays.helper,Nom√©s incloure si el viatge √©s almenys aquesta quantitat de dies (0 = sempre incloure)
itemEditor.bigLuggage.label,Requereix equipatge gran
itemEditor.bigLuggage.helper,Nom√©s incloure quan l'usuari t√© equipatge gran
itemEditor.seasons.label,Estacions (opcional)
itemEditor.seasons.helper,Deixa buit per incloure en totes les estacions
itemEditor.includeFor.label,Incloure per
itemEditor.includeFor.general,Viatges generals
itemEditor.includeFor.home,Anar a casa
itemEditor.validation.nameRequired,El nom de l'article √©s obligatori
itemEditor.validation.idRequired,L'ID de l'article √©s obligatori
itemEditor.validation.quantityInvalid,La quantitat ha de ser almenys 1
itemEditor.validation.dailyFactorInvalid,El factor diari ha de ser major que 0
itemEditor.validation.minDaysInvalid,Els dies m√≠nims han de ser 0 o m√©s
itemEditor.validation.destinationRequired,L'article ha d'incloure's per almenys un tipus de destinaci√≥
itemEditor.validation.errorTitle,Error de validaci√≥
itemEditor.error.title,Error

# Item Names
item.underwear,Roba interior
item.socks,Mitjons
item.tshirt,Samarretes
item.shorts,Pantalons curts
item.pants,Pantalons/texans
item.sweater,Jersei
item.jacket,Jaqueta
item.swimsuit,Banyador
item.pajamas,Pijama
item.toothbrush,Raspall de dents
item.dni,DNI
item.wallet,Cartera
item.iphone_wallet,Cartera iPhone
item.keys,Claus
item.car_keys,Claus del cotxe
item.menorca_keys,Claus de Menorca
item.phone,Tel√®fon
item.airpods,AirPods
item.apple_watch,Apple Watch
item.bose_headphones,Auriculars Bose
item.macbook,MacBook
item.ipad,iPad
item.apple_pencil,Apple Pencil
item.macbook_accessories,Accessoris MacBook
item.apple_watch_charger,Carregador Apple Watch
item.macbook_charger,Carregador MacBook
item.lightning_charger,Carregador Lightning
item.switch,Switch
item.usbc_cable,Cable USB-C
item.work_pc,PC feina
item.work_pc_charger,Carregador PC feina
item.hdmi_adapter,Adaptador HDMI
item.gillete_shaver,Maquineta Gillette
item.contact_lenses,Lents de contacte
item.perfume,Perfum
item.toothbrush_kit,Kit raspall de dents
item.deodorant,Desodorant
item.styling_gel,Gel per cabell
item.solar_cream,Crema solar
item.bath_gel,Gel de dutxa
item.shirt,Camisa
item.tshirt,Samarreta
item.sport_clothes,Roba d'esport
item.underwear,Roba interior
item.socks,Mitjons
item.shoes,Sabates
item.jacket,Jaqueta
item.trousers,Pantalons
item.shorts,Pantalons curts
item.belt,Cintur√≥
item.hoodie_jumper,Dessuadora
item.suit,Vestit/americana
item.swimming_suit,Banyador
item.slippers,Xancletes
item.gloves,Guants
item.cap,Gorra
item.pajama,Pijama
item.sports_shoes,Sabates esportives
item.beanie,Gorro de llana
item.backpack,Motxilla
item.solar_glasses,Ulleres de sol
item.glasses,Ulleres
item.ebook,Llibre electr√≤nic
item.board_games,Jocs de taula
item.towel,Tovallola
category.basics,B√†sics
category.clothes,Roba
category.toiletries,Higiene
category.electronics,Electr√≤nica
category.documents,Documents
category.accessories,Accessoris
category.misc,Miscel¬∑l√†nia

# Chat Assistant
chat.title,Assistent d'equipatge
chat.subtitle,Pregunta'm sobre la teva llista
chat.welcome,Hola! Estic aqu√≠ per ajudar-te a optimitzar la teva llista d'equipatge. Pots preguntar-me sobre articles espec√≠fics o demanar suggeriments.
chat.input.placeholder,Pregunta'm sobre la llista...
chat.loading,Pensant...
chat.error.title,Error del xat
chat.error.message,No s'ha pogut obtenir una resposta. Si us plau, torna-ho a intentar.
chat.button,üí¨ Assistent
